metric,condition,trial_index,predicted_value,CI_low,CI_high
DDK Rate,Low,1,4.508339997392878,4.321905008018446,4.69477498676731
DDK Rate,Low,2,4.511735193452621,4.326187837152327,4.697282549752915
DDK Rate,Low,3,4.515130389512365,4.329955474544134,4.700305304480596
DDK Rate,Low,4,4.518525585572108,4.333204814007141,4.703846357137074
DDK Rate,Low,5,4.521920781631851,4.335937074953398,4.707904488310305
DDK Rate,Low,6,4.525315977691594,4.338157751949953,4.712474203433236
DDK Rate,Low,7,4.528711173751338,4.339876390641496,4.71754595686118
DDK Rate,Low,8,4.532106369811081,4.341106210915852,4.72310652870631
DDK Rate,Low,9,4.535501565870825,4.341863610861111,4.729139520880539
DDK Rate,Low,10,4.538896761930568,4.342167592565258,4.7356259312958775
DDK Rate,High,1,4.511037812045148,4.324602822670716,4.697472801419581
DDK Rate,High,2,4.490693639505249,4.305146283204955,4.676240995805543
DDK Rate,High,3,4.4703494669653505,4.28517455199712,4.655524381933581
DDK Rate,High,4,4.450005294425451,4.264684522860485,4.635326065990418
DDK Rate,High,5,4.429661121885553,4.243677415207099,4.615644828564006
DDK Rate,High,6,4.409316949345653,4.222158723604012,4.596475175087295
DDK Rate,High,7,4.388972776805755,4.200137993695913,4.5778075599155965
DDK Rate,High,8,4.368628604265855,4.177628445370626,4.559628763161085
DDK Rate,High,9,4.348284431725957,4.154646476716243,4.541922386735671
DDK Rate,High,10,4.327940259186057,4.131211089820747,4.524669428551368
DDK Regularity,Low,1,44.79930299879384,41.92283258695298,47.87313798548862
DDK Regularity,Low,2,45.125415545829206,42.275438510695295,48.16752232312382
DDK Regularity,Low,3,45.45390200018489,42.61236259942754,48.484925054828274
DDK Regularity,Low,4,45.78477964250835,42.93258366551251,48.8264592516697
DDK Regularity,Low,5,46.11806587924005,43.235474047454666,49.192845627354416
DDK Regularity,Low,6,46.45377824352904,43.52083764021122,49.584374522817626
DDK Regularity,Low,7,46.79193439615536,43.78890353132609,50.000912285181435
DDK Regularity,Low,8,47.132552126459174,44.04027809770908,50.44194918625979
DDK Regularity,Low,9,47.47564935327653,44.27586724239518,50.90667720127837
DDK Regularity,Low,10,47.82124412588203,44.49678479255819,51.39408162653747
DDK Regularity,High,1,46.158689467967214,43.194935667879456,49.32579665779196
DDK Regularity,High,2,46.64688185872409,43.70081387353397,49.7915575082584
DDK Regularity,High,3,47.140237563542534,44.19327731363214,50.28371129338606
DDK Regularity,High,4,47.63881119165572,44.671116977756895,50.80366208179333
DDK Regularity,High,5,48.14265792986542,45.133519756715415,51.35242110620413
DDK Regularity,High,6,48.65183354865075,45.58011487611038,51.930560378780875
DDK Regularity,High,7,49.1663944083412,46.010974530407076,52.53821210674491
DDK Regularity,High,8,49.68639746535522,46.42657066768813,53.175111958106456
DDK Regularity,High,9,50.211900278504665,46.82769927329125,53.840674829320804
DDK Regularity,High,10,50.742961015365935,47.21538841804992,54.53408684916402
DDK Duration,Low,1,159.98354034583042,154.12960251449903,166.059814364202
DDK Duration,Low,2,159.54946201881754,153.7501421802146,165.56752708987034
DDK Duration,Low,3,159.11656146292754,153.35381103446394,165.09586531302926
DDK Duration,Low,4,158.68483548255142,152.94054817486492,164.64487222403437
DDK Duration,Low,5,158.2542808907496,152.51046925718796,164.2144145397278
DDK Duration,Low,6,157.8248945092307,152.06386541591533,163.8041835824778
DDK Duration,Low,7,157.39667316832612,151.60119396793374,163.41370457607965
DDK Duration,Low,8,156.96961370696758,151.1230617920391,163.0423532658507
DDK Duration,Low,9,156.5437129726641,150.63020299610477,162.689378251064
DDK Duration,Low,10,156.11896782147747,150.12345292324963,162.3539269783799
DDK Duration,High,1,157.287206173289,151.5319295703842,163.26107174862923
DDK Duration,High,2,157.62406286915058,151.8947276318406,163.56950358143823
DDK Duration,High,3,157.96164099961786,152.2407185137241,163.89754509101857
DDK Duration,High,4,158.29994210976284,152.56958769055555,164.2455226580223
DDK Duration,High,5,158.63896774796666,152.88119397174873,164.61358937837016
DDK Duration,High,6,158.97871946592645,153.17557268791512,165.00172187715782
DDK Duration,High,7,159.31919881866284,153.4529305908122,165.40972540892201
DDK Duration,High,8,159.66040736452678,153.71363309165426,165.83724661954315
DDK Duration,High,9,160.0023466652064,153.95818522741797,166.28379258015397
DDK Duration,High,10,160.3450182857345,154.18720825532205,166.7487541928764
Pause Regularity,Low,1,36.04612879928084,31.426240603597584,41.345174492987255
Pause Regularity,Low,2,36.139780810890166,31.560105794192555,41.384010737363255
Pause Regularity,Low,3,36.23367614125717,31.67287086118471,41.45122469205816
Pause Regularity,Low,4,36.32781542255213,31.763834084828755,41.547571676976624
Pause Regularity,Low,5,36.42219928858777,31.8326702606537,41.67343141983596
Pause Regularity,Low,6,36.516828374823504,31.87944744252453,41.828791322699196
Pause Regularity,Low,7,36.611703318369834,31.904613542550287,42.0132598717943
Pause Regularity,Low,8,36.706824757992436,31.908955436574566,42.22610754188352
Pause Regularity,Low,9,36.80219333411664,31.893537596594943,42.46632817383982
Pause Regularity,Low,10,36.897809688831664,31.8596296385183,42.732711437023376
Pause Regularity,High,1,39.419822503199335,34.367541475393296,45.2148259512927
Pause Regularity,High,2,40.1336615992321,35.0478773683766,45.95744205653401
Pause Regularity,High,3,40.8604273454288,35.717243638190894,46.7442151965462
Pause Regularity,High,4,41.6003538257524,36.3739663786956,47.577693903665306
Pause Regularity,High,5,42.35367936310628,37.01672979186787,48.46009265753397
Pause Regularity,High,6,43.120646596095895,37.64462709460477,49.39324164886958
Pause Regularity,High,7,43.9015025571801,38.25717860882305,50.378569378704746
Pause Regularity,High,8,44.69649875223791,38.85431649997265,51.41711862851097
Pause Regularity,High,9,45.505891241575874,39.43634119856452,52.509590767145205
Pause Regularity,High,10,46.32994072240282,40.003858360108495,53.65640953978064
Pause Duration,Low,1,70.36106418071085,64.92283050104578,76.25482922471113
Pause Duration,Low,2,70.21791131721301,64.81387692878617,76.0725218639429
Pause Duration,Low,3,70.07504970488604,64.69182197900804,75.90623421822421
Pause Duration,Low,4,69.93247875116589,64.55666498374065,75.7559515429431
Pause Duration,Low,5,69.79019786469406,64.40851632235653,75.62154814459703
Pause Duration,Low,6,69.64820645531525,64.24759516771165,75.50278963406363
Pause Duration,Low,7,69.50650393407479,64.07422314040393,75.3993392717566
Pause Duration,Low,8,69.36508971321632,63.88881438100063,75.31076789481644
Pause Duration,Low,9,69.22396320617928,63.691862826004325,75.23656664056601
Pause Duration,Low,10,69.0831238275965,63.48392763869278,75.17616151509593
Pause Duration,High,1,71.96841488001328,66.40594844733683,77.99681898149949
Pause Duration,High,2,72.26609893493399,66.70443416257119,78.29148273030438
Pause Duration,High,3,72.56501430496274,66.99050528099023,78.603397287312
Pause Duration,High,4,72.86516608320733,67.26391227394919,78.93285193864129
Pause Duration,High,5,73.16655938384169,67.52451889391837,79.280023016223
Pause Duration,High,6,73.46919934219413,67.77230336378561,79.64497271118799
Pause Duration,High,7,73.77309111483378,68.00735520135798,80.02765225207419
Pause Duration,High,8,74.07823987965945,68.22986803462683,80.4279090922967
Pause Duration,High,9,74.3846508359869,68.44012908210657,80.84549743256242
Pause Duration,High,10,74.69232920463841,68.63850618895293,81.28009118753208
