metric,trial_index,estimate_model_scale,SE,p,reported_effect,CI_low,CI_high,unit,q_BH_5_outcomes
DDK Rate,1,0.0026978146522706773,0.03956587004403506,0.9456380494968991,0.0026978146522706773,-0.07485129063403805,0.0802469199385794,syllables/s,0.9456380494968991
DDK Rate,2,-0.02104155394737161,0.03698928373883528,0.5694542718415094,-0.02104155394737161,-0.09354055007548875,0.05145744218074554,syllables/s,0.5694542718415094
DDK Rate,3,-0.04478092254701389,0.03493234734297151,0.19986621356324452,-0.04478092254701389,-0.11324832333923805,0.023686478245210266,syllables/s,0.24983276695405565
DDK Rate,4,-0.06852029114665618,0.033490945201282464,0.04076278334763872,-0.06852029114665618,-0.13416254374116982,-0.0028780385521425533,syllables/s,0.0509534791845484
DDK Rate,5,-0.09225965974629848,0.032746460423501544,0.0048415191333942495,-0.09225965974629848,-0.15644272217636152,-0.02807659731623545,syllables/s,0.006051898916742812
DDK Rate,6,-0.11599902834594077,0.032746460423501544,0.00039659706917922723,-0.11599902834594077,-0.18018209077600378,-0.05181596591587774,syllables/s,0.000660995115298712
DDK Rate,7,-0.13973839694558304,0.03349094520128246,3.013771909195341e-05,-0.13973839694558304,-0.20538064954009666,-0.07409614435106943,syllables/s,5.022953181992235e-05
DDK Rate,8,-0.16347776554522533,0.034932347342971494,2.871001166417312e-06,-0.16347776554522533,-0.23194516633744947,-0.0950103647530012,syllables/s,4.785001944028853e-06
DDK Rate,9,-0.18721713414486763,0.036989283738835255,4.1621419298316814e-07,-0.18721713414486763,-0.25971613027298474,-0.11471813801675053,syllables/s,1.0405354824579204e-06
DDK Rate,10,-0.21095650274450992,0.039565870044035036,9.725487943581718e-08,-0.21095650274450992,-0.2885056080308186,-0.13340739745820124,syllables/s,2.4313719858954297e-07
DDK Regularity,1,0.029892649484302296,0.020698316645767382,0.14868081491485705,3.0343920065229115,-1.0619264373224029,7.300309717760037,% change,0.18707481122597927
DDK Regularity,2,0.03316045849199187,0.018612971115238096,0.07481808663084127,3.3716394508316676,-0.331545658927748,7.212416540398606,% change,0.12469681105140212
DDK Regularity,3,0.036428267499681435,0.01688074287651065,0.030929561892657838,3.7099907580009486,0.3347602208403943,7.198763014441107,% change,0.051549269821096394
DDK Regularity,4,0.039696076507371,0.015619560523490518,0.01103989018676334,4.04944954114402,0.9123101987300128,7.28411557018665,% change,0.0183998169779389
DDK Regularity,5,0.04296388551506057,0.014949122595960021,0.004052997627792737,4.390019425200425,1.375737888956596,7.493926875582535,% change,0.006051898916742812
DDK Regularity,6,0.046231694522750146,0.014949122595960021,0.001984096741418088,4.731704046974692,1.7075563027130494,7.845771064804397,% change,0.0024801209267726098
DDK Regularity,7,0.04949950353043971,0.015619560523490516,0.0015292678872599877,5.074507055175169,1.9064617515121052,8.341039843081719,% change,0.0019115848590749846
DDK Regularity,8,0.05276731253812928,0.01688074287651065,0.001772690170217993,5.418432110452991,1.987600532528684,8.964675809602058,% change,0.0022158627127724915
DDK Regularity,9,0.05603512154581885,0.018612971115238092,0.002607823285492424,5.763482885441168,1.9746123880940412,9.693129006342845,% change,0.00325977910686553
DDK Regularity,10,0.05930293055350842,0.020698316645767382,0.004168658996584648,6.109663064793804,1.8910816628187304,10.50290576935454,% change,0.004168658996584648
DDK Duration,1,-0.01699746427400565,0.008414475512615734,0.04338062953371801,-1.6853822378932288,-3.293525984207981,-0.05049647316522273,% change,0.10845157383429503
DDK Duration,2,-0.012141131904026128,0.007754446680349878,0.11741902526987551,-1.2067725740370854,-2.696949655701284,0.30622627659385904,% change,0.1467737815873444
DDK Duration,3,-0.007284799534046607,0.007219936093406494,0.3129823385286311,-0.7258329696741217,-2.120775878324517,0.6889902121992723,% change,0.3129823385286311
DDK Duration,4,-0.002428467164067086,0.006840431256570271,0.7225770986255464,-0.24255208231968817,-1.5710986774000086,1.1039266041645033,% change,0.7225770986255464
DDK Duration,5,0.0024278652059124346,0.00664255305340939,0.7147368512483898,0.2430814857277069,-1.0535645936367757,1.5567194966178315,% change,0.7147368512483898
DDK Duration,6,0.0072841975758919575,0.00664255305340939,0.2728180060459031,0.7310791876552016,-0.5718791508454214,2.051112176841861,% change,0.2728180060459031
DDK Duration,7,0.012140529945871475,0.006840431256570271,0.07592771569749848,1.2214525324056913,-0.12659133718069168,2.587691658353701,% change,0.07592771569749848
DDK Duration,8,0.016996862315851,0.007219936093406494,0.01856477354399078,1.7142130849492578,0.28498406700683016,3.16381101060736,% change,0.01856477354399078
DDK Duration,9,0.021853194685830517,0.007754446680349878,0.004830122406368771,2.2093724665559153,0.6676669433196715,3.774688906708665,% change,0.004830122406368771
DDK Duration,10,0.02670952705581004,0.008414475512615734,0.0015023173436832554,2.706942355069689,1.0269528396644303,4.41486862094144,% change,0.0018778966796040692
Pause Regularity,1,0.0894693252488499,0.03699048907236294,0.015575583380168593,9.359378708056425,1.711274029229851,17.582577010835433,% change,0.07787791690084296
Pause Regularity,2,0.10482120341060067,0.03340092875288618,0.0016994702390970707,11.051203683942672,4.014006612886317,18.56451108118993,% change,0.008497351195485354
Pause Regularity,3,0.12017308157235145,0.030432159985161435,7.851625728058223e-05,12.769201739658437,6.239527048344151,19.70020212169223,% change,0.0003925812864029112
Pause Regularity,4,0.13552495973410222,0.028280368477688705,1.649687913372888e-06,14.513777781217952,8.339045883741685,21.040435558183923,% change,8.24843956686444e-06
Pause Regularity,5,0.150876837895853,0.027140572602094137,2.7118757925238922e-08,16.28534297866251,10.261134407278675,22.638689184142173,% change,1.3559378962619462e-07
Pause Regularity,6,0.16622871605760375,0.027140572602094137,9.08367360096187e-10,18.08431486296699,11.966909835628305,24.535949390105625,% change,4.541836800480935e-09
Pause Regularity,7,0.18158059421935452,0.028280368477688705,1.3562289601339483e-10,19.911117424445564,13.445353950662179,26.745393982661593,% change,6.781144800669742e-10
Pause Regularity,8,0.1969324723811053,0.030432159985161435,9.723020496020259e-11,21.766181212679765,14.715554450614041,29.250152327880773,% change,4.86151024801013e-10
Pause Regularity,9,0.21228435054285608,0.03340092875288617,2.0755771080435075e-10,23.649943437992462,15.814377582492034,32.01563425342847,% change,1.0377885540217537e-09
Pause Regularity,10,0.22763622870460684,0.03699048907236294,7.559445856695264e-10,25.5628480744917,16.78154538979965,35.00445437635882,% change,3.7797229283476326e-09
Pause Duration,1,0.02258729599292885,0.01567763111190546,0.1496598489807834,2.2844320477788274,-0.81078139156134,5.476232055392021,% change,0.18707481122597927
Pause Duration,2,0.028751699343949964,0.014547275035420354,0.0481058745268007,2.91690194040106,0.023906884692910045,5.893571196138209,% change,0.12026468631700175
Pause Duration,3,0.03491610269497108,0.013638164510393173,0.01046191381793207,3.553282674165635,0.8218891413419551,6.358673140539055,% change,0.026154784544830178
Pause Duration,4,0.04108050604599219,0.012996810302921904,0.0015732867539772135,4.19359843153344,1.5729179335931667,6.881895046171029,% change,0.003933216884943034
Pause Duration,5,0.047244909397013306,0.012663958759761163,0.00019097970946775806,4.837873544496216,2.2676847763855257,7.472656229230387,% change,0.00047744927366939516
Pause Duration,6,0.05340931274803442,0.012663958759761163,2.471065443253986e-05,5.48613249550117,2.9000511132199636,8.137207207167831,% change,6.177663608134965e-05
Pause Duration,7,0.05957371609905553,0.012996810302921904,4.567797152983264e-06,6.138399918381318,3.4688037153913083,8.876874311039222,% change,1.141949288245816e-05
Pause Duration,8,0.06573811945007665,0.013638164510393173,1.4344395276162373e-06,6.794700599291559,3.9778091688712753,9.687905210324137,% change,3.5860988190405935e-06
Pause Duration,9,0.07190252280109775,0.014547275035420353,7.705597525123983e-07,7.455059477650545,4.434496772025278,10.562986027030727,% change,1.2842662541873304e-06
Pause Duration,10,0.07806692615211888,0.01567763111190546,6.374534899492109e-07,8.119501647088404,4.847714065606726,11.493385817644402,% change,1.062422483248685e-06
