metric,scale,term,estimate_model_scale,SE,z,p,reported_effect,CI_low,CI_high,unit,random_intercept_SD,random_block_SD,random_progress_SD,residual_SD,converged,q_BH_5_outcomes
DDK Rate,raw,Intercept,4.509688904719013,0.09303993464287626,48.470465096831454,0.0,4.509688904719013,4.327330632818976,4.692047176619051,syllables/s,1.1465237390525782,0.3656863222489194,0.3989312847532374,0.39704743589447533,True,
DDK Rate,raw,High-Low at Trial 1,0.0026978146522706773,0.03956587004403506,0.06818539941793594,0.9456380494968991,0.0026978146522706773,-0.07485129063403805,0.0802469199385794,syllables/s,1.1465237390525782,0.3656863222489194,0.3989312847532374,0.39704743589447533,True,
DDK Rate,raw,Progress,-0.07627039416070042,0.03906457446561059,-1.952418404758074,0.05088854968807066,-0.07627039416070042,-0.15283696011329717,0.000296171791896338,syllables/s,1.1465237390525782,0.3656863222489194,0.3989312847532374,0.39704743589447533,True,
DDK Rate,raw,Block x progress,-0.2136543173967806,0.044689662992662464,-4.780844228605175,1.7456058419149866e-06,-0.2136543173967806,-0.301246056862399,-0.12606257793116216,syllables/s,1.1465237390525782,0.3656863222489194,0.3989312847532374,0.39704743589447533,True,8.728029209574933e-06
DDK Regularity,log,Intercept,3.817138905979425,0.03223769816683997,118.40606256143232,0.0,4447.391687003328,4168.950124721429,4743.9945539013215,% change,0.3870012524050607,0.1453895879619928,0.17827826773587716,0.25596493816764665,True,
DDK Regularity,log,High-Low at Trial 1,0.029892649484302296,0.020698316645767382,1.444206792073358,0.14868081491485705,3.0343920065229115,-1.0619264373224029,7.300309717760037,% change,0.3870012524050607,0.1453895879619928,0.17827826773587716,0.25596493816764665,True,
DDK Regularity,log,Progress,0.07998253784148113,0.0203115328593616,3.937789353235205,8.223573676698908e-05,8.326815130962213,4.098973975084048,12.72636442340295,% change,0.3870012524050607,0.1453895879619928,0.17827826773587716,0.25596493816764665,True,
DDK Regularity,log,Block x progress,0.029410281069206123,0.028810126424516167,1.020831378378793,0.3073343351692567,2.9847034552076583,-2.6694790079689272,8.967352045977572,% change,0.3870012524050607,0.1453895879619928,0.17827826773587716,0.25596493816764665,True,0.3073343351692567
DDK Duration,log,Intercept,5.066572204966491,0.018547750892628927,273.16369700544124,0.0,15762.964443857061,15196.644952822975,16350.250478006592,% change,0.2277053463956213,0.07128538878138194,0.07621070584835891,0.09235381097985265,True,
DDK Duration,log,High-Low at Trial 1,-0.01699746427400565,0.008414475512615734,-2.0200265897169145,0.04338062953371801,-1.6853822378932288,-3.293525984207981,-0.05049647316522273,% change,0.2277053463956213,0.07128538878138194,0.07621070584835891,0.09235381097985265,True,
DDK Duration,log,Progress,-0.0025991105912928636,0.008030243826015518,-0.32366521460687725,0.746191509072365,-0.25957358277876635,-1.8171263404952398,1.3226878690576553,% change,0.2277053463956213,0.07128538878138194,0.07621070584835891,0.09235381097985265,True,
DDK Duration,log,Block x progress,0.04370699132981569,0.010394880600298313,4.204665066432931,2.6146905957459283e-05,4.467621085189068,2.3607369997440175,6.617871022420753,% change,0.2277053463956213,0.07128538878138194,0.07621070584835891,0.09235381097985265,True,6.536726489364821e-05
Pause Regularity,log,Intercept,3.6295341363807103,0.06748926465633202,53.779429289428144,0.0,3669.5251679689213,3202.468055884114,4202.636619492479,% change,0.8192150154487025,0.26937402740226807,0.33262106376841893,0.4493795616798541,True,
Pause Regularity,log,High-Low at Trial 1,0.0894693252488499,0.03699048907236294,2.4187116064841643,0.015575583380168593,9.359378708056425,1.711274029229851,17.582577010835433,% change,0.8192150154487025,0.26937402740226807,0.33262106376841893,0.4493795616798541,True,
Pause Regularity,log,Progress,0.09243616923007542,0.036788140709478,2.512662163604816,0.011982402063814297,9.684312698450366,2.0539504494864658,17.88518130992134,% change,0.8192150154487025,0.26937402740226807,0.33262106376841893,0.4493795616798541,True,
Pause Regularity,log,Block x progress,0.13816690345575694,0.0505799039402448,2.7316561063260933,0.006301687943139652,14.816716735097524,3.980198057694792,26.782586377772898,% change,0.8192150154487025,0.26937402740226807,0.33262106376841893,0.4493795616798541,True,0.007877109928924564
Pause Duration,log,Intercept,4.264933692548357,0.04028561799319959,105.86740144505912,0.0,7016.020136534636,6475.750975105268,7600.678260973193,% change,0.4968278867945739,0.13867849136515445,0.16485222065205693,0.16524295363733713,True,
Pause Duration,log,High-Low at Trial 1,0.02258729599292885,0.01567763111190546,1.4407339879158305,0.1496598489807834,2.2844320477788274,-0.81078139156134,5.476232055392021,% change,0.4968278867945739,0.13867849136515445,0.16485222065205693,0.16524295363733713,True,
Pause Duration,log,Progress,0.009410243217995676,0.016180562237488854,0.5815770230896563,0.5608516233447687,0.9454658767760202,-2.2056771076327855,4.198145451597314,% change,0.4968278867945739,0.13867849136515445,0.16485222065205693,0.16524295363733713,True,
Pause Duration,log,Block x progress,0.055479630159190024,0.01859891600440255,2.9829496593273195,0.0028548494619182667,5.704748496412352,1.9207897765331,9.629192230439784,% change,0.4968278867945739,0.13867849136515445,0.16485222065205693,0.16524295363733713,True,0.004758082436530445
