outcome,term,estimate_log_scale,SE,p,percent_change,CI_low_percent,CI_high_percent,converged,q_BH_within_term,family,q_BH_within_family
Pause Regularity,Intercept,3.483879494510188,0.04458199773316386,0.0,3158.589397280453,2885.9372553698704,3456.137973419429,True,,,
Pause Regularity,Dual vs single,0.5756181794566595,0.054029506758456664,1.6743539971786342e-26,77.82294521290794,59.954681133631894,97.68724253700046,True,3.3487079943572685e-26,Mean condition effects,6.697415988714537e-26
Pause Regularity,High vs low,0.1585527769767288,0.027071018937900516,4.7153172100735856e-09,17.181376738116978,11.125897006005657,23.566832072441247,True,9.430634420147171e-09,Mean condition effects,6.287089613431448e-09
Pause Regularity,Age (+1 SD),0.3798532503019094,0.044726510260402134,2.0171943614396e-17,46.20700153569282,33.93565206980337,59.602667159280934,True,4.0343887228792e-17,Age effects,4.0343887228792e-17
Pause Regularity,Duality x age,0.2981841343184149,0.054204643382298315,3.774697161634785e-08,34.740986943662314,21.160149404688987,49.84410015798115,True,3.774697161634785e-08,Age moderation,7.54939432326957e-08
Pause Regularity,Load x age,-0.009949105839470243,0.02715876963460648,0.7141179189196373,-0.9899777213417653,-6.122579722932012,4.423241314983546,True,0.9408193799084383,Age moderation,0.9408193799084383
Pause Regularity,Progress,0.09867909753919862,0.024218777043014693,4.611584553353113e-05,10.371205880786986,5.254421430708607,15.73673506531626,True,9.223169106706226e-05,Dynamic effects,0.0002766950732011868
Pause Regularity,Duality x progress,-0.018728784927367993,0.05759774763368517,0.7450560215065651,-1.8554491035328462,-12.332625668570806,9.873860648019713,True,0.7450560215065651,Dynamic effects,0.745056021506565
Pause Regularity,Load x progress,0.13816690345575566,0.051139572683126924,0.006897332037299915,14.816716735097376,3.8661994397658974,26.921736935918283,True,0.006897332037299915,Dynamic effects,0.01379466407459983
Pause Duration,Intercept,4.187066693396875,0.027492350785155405,0.0,6482.940963374922,6137.606860432319,6847.393879882334,True,,,
Pause Duration,Dual vs single,0.2477163622814686,0.028949735828682634,1.1606922431609439e-17,28.10965133645445,21.042904579106654,35.58897006492385,True,1.1606922431609439e-17,Mean condition effects,2.3213844863218878e-17
Pause Duration,High vs low,0.05032711107252178,0.012662718181797686,7.05474436480959e-05,5.161503504187685,2.5836301102015176,7.804157518905278,True,7.05474436480959e-05,Mean condition effects,7.05474436480959e-05
Pause Duration,Age (+1 SD),0.21245137949845774,0.027581467228870237,1.3323555081565262e-14,23.670598283835762,17.162503473324453,30.540202082350614,True,1.3323555081565262e-14,Age effects,1.3323555081565262e-14
Pause Duration,Duality x age,0.1698021632733797,0.029043576385414095,5.021384604904407e-09,18.507037768304635,11.949395079954389,25.44880649500784,True,1.0042769209808814e-08,Age moderation,2.0085538419617628e-08
Pause Duration,Load x age,-0.0009431280796052128,0.012703764377553885,0.9408193799084383,-0.0942683474102239,-2.5511446629122028,2.4245506272312025,True,0.9408193799084383,Age moderation,0.9408193799084383
Pause Duration,Progress,0.0038427510047697013,0.009089429357934234,0.6724620377224004,0.38501438389858467,-1.3875367794872102,2.1894270131093885,True,0.6724620377224004,Dynamic effects,0.745056021506565
Pause Duration,Duality x progress,0.016702476639674682,0.0216167256241993,0.4397209574451897,1.684274284546719,-2.533972595920046,6.085083307110422,True,0.7450560215065651,Dynamic effects,0.6595814361677845
Pause Duration,Load x progress,0.05547963015919104,0.019192939943773732,0.003844741652018023,5.704748496412458,1.8021937872779552,9.756906398672758,True,0.006897332037299915,Dynamic effects,0.011534224956054068
