outcome,condition,trial_index,predicted_value,CI_low,CI_high
Pause Regularity,Low,1,36.04612879928056,32.52343061702888,39.95037967286309
Pause Regularity,Low,2,36.13978081088989,32.68762939015637,39.95651509229613
Pause Regularity,Low,3,36.233676141256915,32.83391641936984,39.98546106839019
Pause Regularity,Low,4,36.327815422551865,32.96095889213197,40.0385855791963
Pause Regularity,Low,5,36.422199288587514,33.067743492650806,40.116937562202025
Pause Regularity,Low,6,36.51682837482326,33.15365731476226,40.22116600579514
Pause Regularity,Low,7,36.61170331836959,33.218536099987226,40.35147171560129
Pause Regularity,Low,8,36.70682475799219,33.26267010351887,40.507601452939504
Pause Regularity,Low,9,36.802193334116396,33.28676681093734,40.68888522260002
Pause Regularity,Low,10,36.89780968883144,33.291878859374116,40.894308356221686
Pause Regularity,High,1,39.419822503199036,35.567421657328595,43.68948700175276
Pause Regularity,High,2,40.13366159923179,36.300005893514886,44.3721909601511
Pause Regularity,High,3,40.86042734542851,37.02654544599003,45.091285258745536
Pause Regularity,High,4,41.600353825752066,37.7448392202946,45.849696916903625
Pause Regularity,High,5,42.35367936310598,38.45293893573336,46.65011843674253
Pause Regularity,High,6,43.12064659609557,39.149269092152956,47.49488830783977
Pause Regularity,High,7,43.90150255717981,39.832717829537536,48.38590063138662
Pause Regularity,High,8,44.69649875223757,40.50268315442664,49.32455939009641
Pause Regularity,High,9,45.50589124157553,41.15906833406044,50.311783563294576
Pause Regularity,High,10,46.32994072240249,41.802231273339736,51.348058272436795
Pause Duration,Low,1,70.36106418071168,66.28857284488168,74.68375226944536
Pause Duration,Low,2,70.21791131721382,66.19267850688439,74.4879219419909
Pause Duration,Low,3,70.07504970488678,66.08744838286597,74.30325593286891
Pause Duration,Low,4,69.93247875116663,65.97271055665179,74.12991740096504
Pause Duration,Low,5,69.7901978646948,65.84836619248078,73.96799646867218
Pause Duration,Low,6,69.64820645531599,65.71439462330584,73.81750513337211
Pause Duration,Low,7,69.50650393407552,65.57085559863766,73.67837501937417
Pause Duration,Low,8,69.36508971321706,65.41788846816068,73.55045819408322
Pause Duration,Low,9,69.22396320617996,65.25570834454264,73.43353100497468
Pause Duration,Low,10,69.08312382759718,65.08459955119653,73.32730063161902
Pause Duration,High,1,71.96841488001387,67.80289024696518,76.3898518407721
Pause Duration,High,2,72.26609893493443,68.12345403065488,76.66066158248097
Pause Duration,High,3,72.56501430496327,68.4357222360523,76.94346065227225
Pause Duration,High,4,72.86516608320785,68.7393411117955,77.23862845438877
Pause Duration,High,5,73.16655938384221,69.03402687998958,77.54647460122374
Pause Duration,High,6,73.46919934219466,69.31957338095674,77.8672312698621
Pause Duration,High,7,73.7730911148343,69.59585694518616,78.20104833142787
Pause Duration,High,8,74.07823987965998,69.86283812795052,78.5479916177781
Pause Duration,High,9,74.3846508359875,70.12056021419036,78.90804441793438
Pause Duration,High,10,74.69232920463887,70.36914468375666,79.28111201416861
