"path","sha256","bytes"
".gitignore","377A322802BDE2E893FCD171DBDE0E453EC7C349BB004DC5BFE0A1F82AEDB96C","79"
"01_sample_and_condition_means/build_figure_02.py","B5BBC51683784C7CF9DBAC64EDCF406BAFECFBA29891F07260076E5DFAFC43F1","6206"
"01_sample_and_condition_means/build_figure_04.py","BB43E5EF234AF08D89A1F7D5ABC99C78FF7D77906261295D1F205B76308196F2","4313"
"01_sample_and_condition_means/figures/Figure_02.pdf","09D94382DFBD0A783569D24F19368AFACBF2BDFFB9E89DDC371C606CDA8CB4B9","138327"
"01_sample_and_condition_means/figures/Figure_02.png","FE8053691DE905B534349C7D9D71E6A627973ABD0C18F598BBE26F3196ED0EA7","1387014"
"01_sample_and_condition_means/figures/Figure_04.pdf","1A721BC0F676909E9544C831A71EF62546985B9DF1C6B35B5EC9D9F0C6BC33B6","49288"
"01_sample_and_condition_means/figures/Figure_04.png","F1F9F1AD28E89BFCEBBF4ABC5D166BB50EA8B0C9FBE3F85A1F3571687C32AEF0","566647"
"01_sample_and_condition_means/phase1_qc.json","65F98964FE49DA4BD683529150DA8E4CCED783101556B619641A8B8EEAC02BF6","282"
"01_sample_and_condition_means/run_condition_means_and_age.py","DBC34B6E381EB06FE48E6E09E4ECB1FA0D92B6A13970B153DE7E207E38C45367","17749"
"01_sample_and_condition_means/tables/Table_01_repeated_measures_ANOVA.csv","EEB85475F08CC27167EEED760F4A68ED47F271BA220F0E1B872146C2B826FFFF","510"
"01_sample_and_condition_means/tables/Table_01_sample.csv","226495E560A74B209FDE0A8B40C899EA9C6B4B08758BBCBD326104EBB45BD532","482"
"01_sample_and_condition_means/tables/Table_02_condition_means_and_contrasts.csv","6160E326250018C13495E204EC2A9C3ED91F60AFD2193F7800577AB0B47F462D","1332"
"01_sample_and_condition_means/tables/Table_02_planned_paired_contrasts.csv","FB93AE92822B0DE513A2082FDF9D0585596FC79AF00461E059E995702F93F3A2","2603"
"01_sample_and_condition_means/tables/Table_03_age_adjusted_mean_LMM.csv","A2F88AAACB8CAA69FAE57BD8D1B2A6C9D4117608CBFB853E45AE3D0395EEF934","6767"
"01_sample_and_condition_means/tables/Table_04_age_moderation.csv","F817CF8554F93B7955C290007DB4233C6F574D6070490A766C11E69DD73122EE","1031"
"02_working_memory_accuracy/analysis_qc.json","1478ACE775505DA19AF9E51593440E377157C7D81A939BDB2AF047C6C7E56A13","253"
"02_working_memory_accuracy/run_working_memory_accuracy.py","74DD2DC187567998933C4D1D8DA7B926B583CDE4AE40B91739D009AFF67D249B","4554"
"02_working_memory_accuracy/tables/working_memory_descriptives.csv","A4BFAD04BCEAE0C05D64AF49D1DB65DAA3F3A542BE5602120C6C00D670F2AA2E","114"
"02_working_memory_accuracy/tables/working_memory_GLMM.csv","42A0B3846619395FF14515CCA9F4E6974C8E64CE36EA711247175BB79E9AC13D","674"
"03_trial_trajectories/analysis_qc.json","1478ACE775505DA19AF9E51593440E377157C7D81A939BDB2AF047C6C7E56A13","253"
"03_trial_trajectories/build_figure_03.py","1332FBA079871DD9603A7100A7544D132CD885906ADC4DB14C46CBF43242FE3A","6371"
"03_trial_trajectories/figures/Figure_03.pdf","8432D19CBE1EC756442C759EF0705651F342D753364AD60C44DC4BDB8CE62DEC","33661"
"03_trial_trajectories/figures/Figure_03.png","947C2C19B6182955E4CB61741F87C5A036CA6F4EACC6DDBE5C2598BB8B37E344","595041"
"03_trial_trajectories/fit_low_high_trajectory_models.py","BAC5114AF0F8386CDD1EA2FA2DA627DDDD0DED8AB6D659E94A1E4FEEFAAD9C0E","6412"
"03_trial_trajectories/fit_reported_pause_trajectory_rows.py","9F6C2D20F11217376167F870401149692BB091C31B5BF3C00212E93379BC7C91","5347"
"03_trial_trajectories/tables/low_high_trajectory_models.csv","A9A52F80D6C1DAD3A5D773984D4A4D6FDE54A66E72A014A1F7223217664CBE2C","5455"
"03_trial_trajectories/tables/low_high_trial_contrasts.csv","22B8D46487968BD1289DA2D3622B273B7D2F8F622EF642933A9DBD9099C6EFE1","8446"
"03_trial_trajectories/tables/low_high_trial_predictions.csv","1A0957568F040211DD05BBC9653516A7971B27DCFC02B07907194C465D983A5D","7661"
"03_trial_trajectories/tables/reported_pause_models.csv","39E939576592232263CE74A4A1557D486ECC446CF6C7BA85B866F8012A898E49","3804"
"03_trial_trajectories/tables/reported_pause_predictions.csv","C6566C1FBCC45969E185DABBA56BD47B7FB4CB20189692F089DEB554D1E59FFC","3178"
"03_trial_trajectories/tables/Table_03_trajectory_change.csv","34DA0BFD913063A3DE952ECB43D0EFD1B3D5494621165955AF6C557B3D6F4B30","926"
"04_reported_sensitivity/run_reported_sensitivity.py","B383C216A6E28CE313C3BDD65CBCF60AE1498F726DF74374E8D27A4A7C8BB9AC","2339"
"04_reported_sensitivity/tables/reported_trial_trajectory_sensitivity.csv","ED1214871B715B6307FC4A6C68826B1190E966E43222741108D106C846247B13","1672"
"05_cmms_moderation/cognitive_scale_analysis.py","7CD3F43508F315DFE6C375D3410F204EF1D71F910196FCB827191856CCBD8000","26637"
"05_cmms_moderation/qc/analysis_qc.json","537D10CE8D8386C5162646E2E045CA5F77B0F33ED9C379ECF48BCBCC4D9BC145","775"
"05_cmms_moderation/run_cmms_analysis.py","9D486898E6458F338B8D364689095B07C7E3AE473817BFFE1A86991E0341C0B9","320"
"05_cmms_moderation/tables/Table_01_scale_distribution.csv","260558390A05AC860E76D9354BD70EC90C3C34A9BB74C06D456646DA05CDFA33","375"
"05_cmms_moderation/tables/Table_02_association_validity.csv","17F79D918046E9CDD524B4E6B5F366BD5813FA27FCBAADEC3E7A0CF8860BBB61","266"
"05_cmms_moderation/tables/Table_03_condition_mean_moderation.csv","5A9B68808F152DFF9F5D9F86DE1CF00A73318E65BA008B64822E3EB34714C795","8673"
"05_cmms_moderation/tables/Table_04_trial_level_moderation.csv","6C322C63136A90E89D76673E954381953DA6D80B258EC3D67FCD87BE82BA4E39","10908"
"05_cmms_moderation/tables/Table_05_rank_score_sensitivity.csv","A11E244A2CD6108AD6FEA32F3BA596FF3306AB042C6B819166256ED93AD1F10A","20675"
"06_manual_validation/analyze_manual_automatic_agreement.py","7F417FE826E4EC41277C1F0722AD6897A0E862ED5E4F89197D03886EFCF7F3DB","22922"
"06_manual_validation/results/agreement_summary.csv","8C7BE237A3254B19C17524F847506B253FE9805A2E530FD30DBCB5AEFF484F85","4601"
"06_manual_validation/results/condition_contrast_agreement.csv","D0176FB15054519A1E39D8494D6AF5BDF6C531E4DB218D04849B58C8A3D29A10","8322"
"06_manual_validation/results/data_quality.json","1B1D4F3160A3E47B2872E249E4CEF2AFAB214EC8A86F6CB9C93C1BEFA086B299","113"
"analysis_helpers.py","8888602286AD82DE5F99B7E4AB291170F5F603D2790C5760673D4BED5A52FFB8","5031"
"CITATION.cff","C294A5B7F9B4DC56A766E53B1724A53B3FD031F0E7F2AC002D7E162C571A229A","561"
"data_raw/README.md","89B7364948FDF907AF369F70D24C288BF6E9786A596817CE77673E3E014399F4","1401"
"dynamic_model_utils.py","438EE88EFA0842F53098454E2E3844243E5432E24DF4D48CAFE6E42291856001","6174"
"environment.yml","C5FF36D7AEA4DD18A63BBD7177E21FB7E7D045868F3EE93504B4C2971A84DC75","212"
"expected_results/figures/Figure_02.png","FE8053691DE905B534349C7D9D71E6A627973ABD0C18F598BBE26F3196ED0EA7","1387014"
"expected_results/figures/Figure_03.png","03A6CC59B7821D7A32542005EDCA6410FF9BCA5BA957E9D904B0F9C0ECBF9160","606899"
"expected_results/figures/Figure_04.png","E5295255A345DDC85B1C496D4DB02386393AD5698A4FA2EA790F5E428A568B40","781288"
"expected_results/tables/Table_01.csv","C77ACF4E73E3FAC6F7BF567EA8807E91383FA02EA2CA7B9AEFC3934850EDD7C4","197"
"expected_results/tables/Table_02.csv","4CD404507FD0B7C736C7C153FCE6BCD195917D41867DA5228E8ED006CE7607BC","562"
"expected_results/tables/Table_03.csv","77359937AA54B3838C219A631E035DDE39FAF82E8D6D9D343A9B4829D78F7960","332"
"expected_results/tables/Table_04.csv","C4095860E2D1F6CD9B0FDB5094D3967F7CC3A6C3E208C812AE337332A7DD676A","346"
"expected_results/tables/Table_05.csv","DC4B9D8AA91DDC5B55804D3CE6DB995C62CC71FF65AD925FA46DB1C8DDF3650F","402"
"expected_results/tables/Table_06.csv","A7F9A8DE0545AA1EA9D31AB1439D08B9220C426FE57C527BC8D82578458D6E5D","494"
"LICENSE","4461A526CE3F90523A29BBA8D71BD7FD5041597CA322C2C1C7ACFB3AA2B77E0C","1065"
"MANUSCRIPT_OUTPUT_MAP.csv","D9233ECEC49A1F6E2487AC28CE382BFD54B5E21CFB3F036D6C8B576AFEE94484","2047"
"README.md","A0826FB2A891B675E0F4036D517F28F17039DC529E7368EB8248ECEFB1B643D0","4094"
"README_zh-CN.md","66EDA87B7CB1EB9101C0F60AB10F7D2D6147A99B43C0DB362A9C3E22B3452D65","3716"
"requirements.txt","E3C198A116EAA15364374932CDC67ACF616C5F50FADB662FE51533E4412187FB","80"
"run_all.ps1","35B7DC03EEE1BF9CDE8161679213E874350BB5622B8AD79C7E4AB3EFC6C50AF9","1676"
"verification_report.csv","CE341F3C89A1DD2FEF19C651CDE6BD4D2AEA7071202BC681EF8F0B6AE5019F6A","19920"
"verification_summary.json","27DDD767CABAC3ABB057E57D6A71DA3F00FD7126D92185A6C9A2502EB686B39C","78"
"verify_manuscript_results.py","2C8F3098971B9FA4031B953BC2F117D230978BB9F9C4FC3F0ADC80A31E898B18","6278"
