manuscript_item,analysis_script,generated_output
Table 1,01_sample_and_condition_means/run_condition_means_and_age.py,01_sample_and_condition_means/tables/Table_01_sample.csv
Table 2,01_sample_and_condition_means/run_condition_means_and_age.py,01_sample_and_condition_means/tables/Table_02_condition_means_and_contrasts.csv
Figure 2,01_sample_and_condition_means/build_figure_02.py,01_sample_and_condition_means/figures/Figure_02.png
WM Results,02_working_memory_accuracy/run_working_memory_accuracy.py,02_working_memory_accuracy/tables/working_memory_GLMM.csv
Table 3 DDK rows,03_trial_trajectories/fit_low_high_trajectory_models.py,03_trial_trajectories/tables/low_high_trajectory_models.csv
Table 3 Pause rows,03_trial_trajectories/fit_reported_pause_trajectory_rows.py,03_trial_trajectories/tables/reported_pause_models.csv
Table 3,03_trial_trajectories/build_figure_03.py,03_trial_trajectories/tables/Table_03_trajectory_change.csv
Figure 3,03_trial_trajectories/build_figure_03.py,03_trial_trajectories/figures/Figure_03.png
Table 4,01_sample_and_condition_means/run_condition_means_and_age.py,01_sample_and_condition_means/tables/Table_04_age_moderation.csv
Figure 4,01_sample_and_condition_means/build_figure_04.py,01_sample_and_condition_means/figures/Figure_04.png
Sensitivity Results,04_reported_sensitivity/run_reported_sensitivity.py,04_reported_sensitivity/tables/reported_trial_trajectory_sensitivity.csv
Table 5,05_cmms_moderation/run_cmms_analysis.py,05_cmms_moderation/tables/Table_03_condition_mean_moderation.csv
CMMS trial moderation,05_cmms_moderation/run_cmms_analysis.py,05_cmms_moderation/tables/Table_04_trial_level_moderation.csv
CMMS rank sensitivity,05_cmms_moderation/run_cmms_analysis.py,05_cmms_moderation/tables/Table_05_rank_score_sensitivity.csv
Table 6,06_manual_validation/analyze_manual_automatic_agreement.py,06_manual_validation/results/agreement_summary.csv
Condition-change agreement,06_manual_validation/analyze_manual_automatic_agreement.py,06_manual_validation/results/condition_contrast_agreement.csv
