check,actual,expected,absolute_difference,tolerance,pass
Table 2 | DDK Rate | Single,4.955685942844483,4.956,0.0003140571555171334,0.0015,True
Table 2 | DDK Rate | Low,4.523618379661711,4.524,0.0003816203382891459,0.0015,True
Table 2 | DDK Rate | High,4.41948903561559,4.419,0.0004890356155904385,0.0015,True
Table 2 | DDK Rate | dual_effect,-0.4841322352058327,-0.484,0.0001322352058327203,0.0015,True
Table 2 | DDK Rate | dual_CI_low,-0.6306921351928914,-0.631,0.0003078648071086487,0.0015,True
Table 2 | DDK Rate | dual_CI_high,-0.337572335218774,-0.338,0.0004276647812260226,0.0015,True
Table 2 | DDK Rate | dual_q,1.1557737111807081e-09,0.001,0.000999998844226289,0.0015,True
Table 2 | DDK Rate | high_low_effect,-0.1041293440461203,-0.104,0.00012934404612030548,0.0015,True
Table 2 | DDK Rate | high_low_CI_low,-0.1686333427270936,-0.169,0.00036665727290641215,0.0015,True
Table 2 | DDK Rate | high_low_CI_high,-0.0396253453651469,-0.04,0.0003746546348531027,0.0015,True
Table 2 | DDK Rate | high_low_q,0.0028824793132609,0.003,0.00011752068673909991,0.0015,True
Table 2 | DDK Regularity | Single,44.74870298731835,44.749,0.00029701268164927797,0.0015,True
Table 2 | DDK Regularity | Low,51.01811404221986,51.018,0.00011404221985600316,0.0015,True
Table 2 | DDK Regularity | High,53.36933847037149,53.369,0.00033847037148859727,0.0015,True
Table 2 | DDK Regularity | dual_effect,21.37612052040241,21.376,0.00012052040240817519,0.0015,True
Table 2 | DDK Regularity | dual_CI_low,14.562965150385242,14.563,3.4849614758414305e-05,0.0015,True
Table 2 | DDK Regularity | dual_CI_high,28.59445993951485,28.594,0.00045993951484746276,0.0015,True
Table 2 | DDK Regularity | dual_q,9.170162086878115e-10,0.001,0.0009999990829837914,0.0015,True
Table 2 | DDK Regularity | high_low_effect,4.114590138124877,4.115,0.00040986187512359606,0.0015,True
Table 2 | DDK Regularity | high_low_CI_low,1.027451831399174,1.027,0.0004518313991741518,0.0015,True
Table 2 | DDK Regularity | high_low_CI_high,7.2960634275912915,7.296,6.342759129118747e-05,0.0015,True
Table 2 | DDK Regularity | high_low_q,0.011226151823998,0.011,0.00022615182399800086,0.0015,True
Table 2 | DDK Duration | Single,155.55114657639152,155.551,0.0001465763915291518,0.0015,True
Table 2 | DDK Duration | Low,163.22798137971617,163.228,1.8620283839254625e-05,0.0015,True
Table 2 | DDK Duration | High,163.82258240756306,163.823,0.0004175924369462791,0.0015,True
Table 2 | DDK Duration | dual_effect,5.073407195333147,5.073,0.0004071953331470368,0.0015,True
Table 2 | DDK Duration | dual_CI_low,1.7813904660751807,1.781,0.00039046607518078424,0.0015,True
Table 2 | DDK Duration | dual_CI_high,8.471900895440971,8.472,9.91045590286177e-05,0.0015,True
Table 2 | DDK Duration | dual_q,0.0025204867481532,0.003,0.0004795132518467999,0.0015,True
Table 2 | DDK Duration | high_low_effect,0.4438888938631128,0.444,0.00011110613688719573,0.0015,True
Table 2 | DDK Duration | high_low_CI_low,-0.8806293600701911,-0.881,0.0003706399298089025,0.0015,True
Table 2 | DDK Duration | high_low_CI_high,1.7861064995343887,1.786,0.0001064995343886821,0.0015,True
Table 2 | DDK Duration | high_low_q,0.510794958845664,0.511,0.00020504115433606085,0.0015,True
Table 2 | Pause Regularity | Single,28.50801778098981,28.508,1.7780989811200243e-05,0.0015,True
Table 2 | Pause Regularity | Low,58.62800322311017,58.628,3.2231101698698694e-06,0.0015,True
Table 2 | Pause Regularity | High,67.13545193156975,67.135,0.0004519315697422144,0.0015,True
Table 2 | Pause Regularity | dual_effect,88.94747317130118,88.947,0.00047317130118074147,0.0015,True
Table 2 | Pause Regularity | dual_CI_low,68.23552812816176,68.236,0.0004718718382434872,0.0015,True
Table 2 | Pause Regularity | dual_CI_high,112.20932353017884,112.209,0.0003235301788322431,0.0015,True
Table 2 | Pause Regularity | dual_q,5.74391448783276e-20,0.001,0.001,0.0015,True
Table 2 | Pause Regularity | high_low_effect,18.2404143445188,18.24,0.0004143445188020678,0.0015,True
Table 2 | Pause Regularity | high_low_CI_low,11.097539984902346,11.098,0.000460015097655031,0.0015,True
Table 2 | Pause Regularity | high_low_CI_high,25.84253068306836,25.843,0.0004693169316389856,0.0015,True
Table 2 | Pause Regularity | high_low_q,1.8676126978537257e-06,0.001,0.0009981323873021464,0.0015,True
Table 2 | Pause Duration | Single,60.15437068861429,60.154,0.0003706886142893495,0.0015,True
Table 2 | Pause Duration | Low,81.7597085318293,81.76,0.00029146817070113684,0.0015,True
Table 2 | Pause Duration | High,85.26481307889999,85.265,0.0001869211000098403,0.0015,True
Table 2 | Pause Duration | dual_effect,29.22635528276249,29.226,0.0003552827624915267,0.0015,True
Table 2 | Pause Duration | dual_CI_low,21.33512924293237,21.335,0.000129242932370488,0.0015,True
Table 2 | Pause Duration | dual_CI_high,37.63079994938469,37.631,0.0002000506153123638,0.0015,True
Table 2 | Pause Duration | dual_q,5.581787982073109e-13,0.001,0.0009999999994418213,0.0015,True
Table 2 | Pause Duration | high_low_effect,5.30703918080232,5.307,3.918080231990473e-05,0.0015,True
Table 2 | Pause Duration | high_low_CI_low,2.607506507064146,2.608,0.0004934929358539897,0.0015,True
Table 2 | Pause Duration | high_low_CI_high,8.077594695896435,8.078,0.000405304103564319,0.0015,True
Table 2 | Pause Duration | high_low_q,0.0003156213793198,0.001,0.0006843786206802,0.0015,True
Table 3 | DDK Rate | trajectory_change,-0.2136543173967806,-0.214,0.0003456826032194049,0.0055,True
Table 3 | DDK Rate | CI_low,-0.301246056862399,-0.301,0.00024605686239903557,0.0055,True
Table 3 | DDK Rate | CI_high,-0.1260625779311621,-0.126,6.257793116209998e-05,0.0055,True
Table 3 | DDK Rate | high_minus_low_trial_1,0.0026978146522706,0.003,0.0003021853477293999,0.0055,True
Table 3 | DDK Rate | high_minus_low_trial_10,-0.2109565027445099,-0.211,4.349725549010475e-05,0.0055,True
Table 3 | DDK Rate | q,8.728029209574933e-06,0.001,0.000991271970790425,0.0055,True
Table 3 | DDK Regularity | trajectory_change,2.9847034552076583,2.985,0.0002965447923415354,0.0055,True
Table 3 | DDK Regularity | CI_low,-2.6694790079689272,-2.669,0.000479007968927192,0.0055,True
Table 3 | DDK Regularity | CI_high,8.967352045977572,8.967,0.00035204597757143574,0.0055,True
Table 3 | DDK Regularity | q,0.3073343351692567,0.307,0.00033433516925668316,0.0055,True
Table 3 | DDK Duration | trajectory_change,4.467621085189068,4.468,0.00037891481093232926,0.0055,True
Table 3 | DDK Duration | CI_low,2.360736999744017,2.361,0.0002630002559831368,0.0055,True
Table 3 | DDK Duration | CI_high,6.617871022420753,6.618,0.0001289775792470138,0.0055,True
Table 3 | DDK Duration | high_minus_low_trial_1,-1.6853822378932288,-1.69,0.004617762106771117,0.0055,True
Table 3 | DDK Duration | high_minus_low_trial_10,2.706942355069689,2.71,0.003057644930311021,0.0055,True
Table 3 | DDK Duration | q,6.536726489364821e-05,0.001,0.0009346327351063518,0.0055,True
Table 3 | Pause Regularity | trajectory_change,14.816716735097376,14.817,0.00028326490262386983,0.0055,True
Table 3 | Pause Regularity | CI_low,3.8661994397658974,3.866,0.0001994397658973135,0.0055,True
Table 3 | Pause Regularity | CI_high,26.921736935918283,26.922,0.0002630640817180563,0.0055,True
Table 3 | Pause Regularity | high_minus_low_trial_1,9.359378708056544,9.36,0.0006212919434549491,0.0055,True
Table 3 | Pause Regularity | high_minus_low_trial_10,25.56284807449167,25.56,0.0028480744916699052,0.0055,True
Table 3 | Pause Regularity | q,0.0137946640745998,0.014,0.0002053359254002001,0.0055,True
Table 3 | Pause Duration | trajectory_change,5.704748496412458,5.705,0.0002515035875418903,0.0055,True
Table 3 | Pause Duration | CI_low,1.8021937872779552,1.802,0.0001937872779551597,0.0055,True
Table 3 | Pause Duration | CI_high,9.756906398672758,9.757,9.360132724189896e-05,0.0055,True
Table 3 | Pause Duration | high_minus_low_trial_1,2.284432047778556,2.28,0.004432047778556214,0.0055,True
Table 3 | Pause Duration | high_minus_low_trial_10,8.11950164708822,8.12,0.0004983529117783547,0.0055,True
Table 3 | Pause Duration | q,0.011534224956054,0.012,0.0004657750439459995,0.0055,True
Table 4 | DDK Rate | single_to_dual_x_age,-0.3450234918031134,-0.345,2.3491803113451226e-05,0.0055,True
Table 4 | DDK Rate | CI_low,-0.4804448007976015,-0.48,0.0004448007976015078,0.0055,True
Table 4 | DDK Rate | CI_high,-0.2096021828086253,-0.21,0.00039781719137468863,0.0055,True
Table 4 | DDK Rate | q,9.875005655848916e-07,0.001,0.0009990124994344151,0.0055,True
Table 4 | DDK Rate | high_minus_low_x_age,0.0055807378069499,0.006,0.0004192621930501003,0.0055,True
Table 4 | DDK Rate | high_minus_low_q,0.8815015251199689,0.882,0.0004984748800310745,0.0055,True
Table 4 | DDK Regularity | single_to_dual_x_age,2.2531669732896416,2.253,0.00016697328964143665,0.0055,True
Table 4 | DDK Regularity | CI_low,-3.4564024500987527,-3.456,0.00040245009875272686,0.0055,True
Table 4 | DDK Regularity | CI_high,8.300399212522885,8.3,0.0003992125228844401,0.0055,True
Table 4 | DDK Regularity | q,0.4472075221141844,0.447,0.0002075221141843997,0.0055,True
Table 4 | DDK Regularity | high_minus_low_x_age,1.839742573206844,1.84,0.0002574267931561014,0.0055,True
Table 4 | DDK Regularity | high_minus_low_q,0.6014616625336846,0.601,0.00046166253368462584,0.0055,True
Table 4 | DDK Duration | single_to_dual_x_age,4.132634089537711,4.133,0.0003659104622890652,0.0055,True
Table 4 | DDK Duration | CI_low,0.9476258579362694,0.948,0.0003741420637305426,0.0055,True
Table 4 | DDK Duration | CI_high,7.418132821526405,7.418,0.00013282152640492484,0.0055,True
Table 4 | DDK Duration | q,0.0132695708031173,0.013,0.0002695708031173003,0.0055,True
Table 4 | DDK Duration | high_minus_low_x_age,-0.7853606450224787,-0.785,0.00036064502247867836,0.0055,True
Table 4 | DDK Duration | high_minus_low_q,0.6014616625336846,0.601,0.00046166253368462584,0.0055,True
Table 4 | Pause Regularity | single_to_dual_x_age,34.1210916259242,34.121,9.162592419897919e-05,0.0055,True
Table 4 | Pause Regularity | CI_low,20.640401677403045,20.64,0.00040167740304397626,0.0055,True
Table 4 | Pause Regularity | CI_high,49.108150908112776,49.108,0.00015090811277929106,0.0055,True
Table 4 | Pause Regularity | q,1.3933363146556433e-07,0.001,0.0009998606663685346,0.0055,True
Table 4 | Pause Regularity | high_minus_low_x_age,-1.821350500853455,-1.821,0.0003505008534550047,0.0055,True
Table 4 | Pause Regularity | high_minus_low_q,0.8815015251199689,0.882,0.0004984748800310745,0.0055,True
Table 4 | Pause Duration | single_to_dual_x_age,18.733805755752567,18.734,0.00019424424743519353,0.0055,True
Table 4 | Pause Duration | CI_low,12.202001165811486,12.202,1.1658114864587787e-06,0.0055,True
Table 4 | Pause Duration | CI_high,25.64585731774298,25.646,0.00014268225702096515,0.0055,True
Table 4 | Pause Duration | q,1.3568811469789973e-08,0.001,0.0009999864311885302,0.0055,True
Table 4 | Pause Duration | high_minus_low_x_age,-0.1966008014344427,-0.197,0.0003991985655573127,0.0055,True
Table 4 | Pause Duration | high_minus_low_q,0.8815015251199689,0.882,0.0004984748800310745,0.0055,True
Table 5 | DDK Rate | single_to_dual_x_CMMS,0.1795561861389736,0.18,0.0004438138610264042,0.0055,True
Table 5 | DDK Rate | CI_low,0.0359901612302872,0.04,0.004009838769712802,0.0055,True
Table 5 | DDK Rate | CI_high,0.32312221104766,0.32,0.003122211047659973,0.0055,True
Table 5 | DDK Rate | q,0.0352458029304467,0.035,0.0002458029304466952,0.0055,True
Table 5 | DDK Rate | high_minus_low_x_CMMS,-0.0343778813182367,-0.034,0.00037788131823669746,0.0055,True
Table 5 | DDK Rate | high_CI_low,-0.0985623480297762,-0.1,0.0014376519702238022,0.0055,True
Table 5 | DDK Rate | high_CI_high,0.0298065853933026,0.03,0.00019341460669740004,0.0055,True
Table 5 | DDK Rate | high_q,0.5649248721271422,0.565,7.512787285779421e-05,0.0055,True
Table 5 | DDK Regularity | single_to_dual_x_CMMS,-0.3004704232374829,-0.3,0.0004704232374829198,0.0055,True
Table 5 | DDK Regularity | CI_low,-5.889192852252784,-5.89,0.0008071477472153532,0.0055,True
Table 5 | DDK Regularity | CI_high,5.62013544547188,5.62,0.00013544547188004685,0.0055,True
Table 5 | DDK Regularity | q,0.9185653895710428,0.919,0.00043461042895720503,0.0055,True
Table 5 | DDK Regularity | high_minus_low_x_CMMS,-0.4978040426257195,-0.5,0.0021959573742805216,0.0055,True
Table 5 | DDK Regularity | high_CI_low,-3.443173294635476,-3.44,0.0031732946354758873,0.0055,True
Table 5 | DDK Regularity | high_CI_high,2.5374107472573586,2.54,0.0025892527426414347,0.0055,True
Table 5 | DDK Regularity | high_q,0.7447850274341083,0.745,0.00021497256589164682,0.0055,True
Table 5 | DDK Duration | single_to_dual_x_CMMS,-2.5007315460128083,-2.5,0.0007315460128083373,0.0055,True
Table 5 | DDK Duration | CI_low,-5.527281769176902,-5.53,0.002718230823098189,0.0055,True
Table 5 | DDK Duration | CI_high,0.6227779520072728,0.62,0.0027779520072728214,0.0055,True
Table 5 | DDK Duration | q,0.144327762540628,0.144,0.0003277625406280238,0.0055,True
Table 5 | DDK Duration | high_minus_low_x_CMMS,0.6468893143663252,0.65,0.0031106856336747812,0.0055,True
Table 5 | DDK Duration | high_CI_low,-0.6745745734764151,-0.67,0.0045745734764151,0.0055,True
Table 5 | DDK Duration | high_CI_high,1.9859344690334824,1.99,0.004065530966517628,0.0055,True
Table 5 | DDK Duration | high_q,0.5649248721271422,0.565,7.512787285779421e-05,0.0055,True
Table 5 | Pause Regularity | single_to_dual_x_CMMS,-12.546635194373607,-12.55,0.003364805626393519,0.0055,True
Table 5 | Pause Regularity | CI_low,-21.9676029590914,-21.97,0.002397040908597603,0.0055,True
Table 5 | Pause Regularity | CI_high,-1.9882599298282555,-1.99,0.00174007017174449,0.0055,True
Table 5 | Pause Regularity | q,0.0352458029304467,0.035,0.0002458029304466952,0.0055,True
Table 5 | Pause Regularity | high_minus_low_x_CMMS,6.472782671285706,6.47,0.0027826712857059732,0.0055,True
Table 5 | Pause Regularity | high_CI_low,0.1293178474697453,0.13,0.0006821525302546927,0.0055,True
Table 5 | Pause Regularity | high_CI_high,13.218123257725845,13.22,0.001876742274156129,0.0055,True
Table 5 | Pause Regularity | high_q,0.2268348655166293,0.227,0.0001651344833707158,0.0055,True
Table 5 | Pause Duration | single_to_dual_x_CMMS,-7.466938336120084,-7.47,0.003061663879916132,0.0055,True
Table 5 | Pause Duration | CI_low,-13.00445896047336,-13.0,0.0044589604733591415,0.0055,True
Table 5 | Pause Duration | CI_high,-1.576938328355591,-1.58,0.0030616716444091807,0.0055,True
Table 5 | Pause Duration | q,0.0352458029304467,0.035,0.0002458029304466952,0.0055,True
Table 5 | Pause Duration | high_minus_low_x_CMMS,0.9533430190084804,0.95,0.003343019008480441,0.0055,True
Table 5 | Pause Duration | high_CI_low,-1.6267759965998854,-1.63,0.003224003400114528,0.0055,True
Table 5 | Pause Duration | high_CI_high,3.6011330314978043,3.6,0.0011330314978041933,0.0055,True
Table 5 | Pause Duration | high_q,0.5907044412670748,0.591,0.0002955587329251941,0.0055,True
Table 6 | DDK Rate | pearson_r,0.9127503617024924,0.913,0.00024963829750768163,0.0055,True
Table 6 | DDK Rate | pearson_CI_low,0.7666781306919702,0.764,0.002678130691970204,0.05,True
Table 6 | DDK Rate | pearson_CI_high,0.9771319976758186,0.976,0.001131997675818619,0.05,True
Table 6 | DDK Rate | CCC,0.9109245014578812,0.911,7.549854211885698e-05,0.0055,True
Table 6 | DDK Rate | CCC_CI_low,0.7422418237924489,0.736,0.006241823792448864,0.05,True
Table 6 | DDK Rate | CCC_CI_high,0.9762016629765408,0.976,0.00020166297654078402,0.05,True
Table 6 | DDK Rate | ICC_A1,0.911097046589598,0.911,9.704658959797108e-05,0.0055,True
Table 6 | DDK Rate | bias,-0.0770970610010522,-0.077,9.70610010521955e-05,0.0055,True
Table 6 | DDK Rate | bias_CI_low,-0.2779221741665957,-0.289,0.011077825833404276,0.6,True
Table 6 | DDK Rate | bias_CI_high,0.0686301494216254,0.067,0.0016301494216253987,0.6,True
Table 6 | DDK Regularity | pearson_r,0.738007347852185,0.738,7.3478521850356415e-06,0.0055,True
Table 6 | DDK Regularity | pearson_CI_low,0.5797072822177848,0.576,0.003707282217784824,0.05,True
Table 6 | DDK Regularity | pearson_CI_high,0.8652253299865965,0.868,0.0027746700134034796,0.05,True
Table 6 | DDK Regularity | CCC,0.6845642920154825,0.685,0.00043570798451753046,0.0055,True
Table 6 | DDK Regularity | CCC_CI_low,0.4866497569202137,0.482,0.004649756920213743,0.05,True
Table 6 | DDK Regularity | CCC_CI_high,0.8333681414670019,0.833,0.0003681414670019256,0.05,True
Table 6 | DDK Regularity | ICC_A1,0.6849539632887118,0.685,4.6036711288222065e-05,0.0055,True
Table 6 | DDK Regularity | bias,7.405241454527246,7.405,0.00024145452724599892,0.0055,True
Table 6 | DDK Regularity | bias_CI_low,3.943430850554942,3.807,0.13643085055494186,0.6,True
Table 6 | DDK Regularity | bias_CI_high,11.300610600747092,11.281,0.01961060074709131,0.6,True
Table 6 | DDK Duration | pearson_r,0.7696171410327284,0.77,0.0003828589672716376,0.0055,True
Table 6 | DDK Duration | pearson_CI_low,0.5949197698640435,0.603,0.00808023013595649,0.05,True
Table 6 | DDK Duration | pearson_CI_high,0.9257490389183172,0.929,0.0032509610816828793,0.05,True
Table 6 | DDK Duration | CCC,0.6924360277387838,0.692,0.0004360277387838174,0.0055,True
Table 6 | DDK Duration | CCC_CI_low,0.5578004838006748,0.559,0.0011995161993252346,0.05,True
Table 6 | DDK Duration | CCC_CI_high,0.8008817926218015,0.797,0.0038817926218014387,0.05,True
Table 6 | DDK Duration | ICC_A1,0.6927867615524612,0.693,0.00021323844753873278,0.0055,True
Table 6 | DDK Duration | bias,-18.403143967352623,-18.403,0.00014396735262423022,0.0055,True
Table 6 | DDK Duration | bias_CI_low,-30.45236592979819,-30.088,0.3643659297981898,0.6,True
Table 6 | DDK Duration | bias_CI_high,-7.188814599456017,-7.02,0.1688145994560175,0.6,True
Table 6 | Pause Regularity | pearson_r,0.8481303737781686,0.848,0.00013037377816860207,0.0055,True
Table 6 | Pause Regularity | pearson_CI_low,0.6134004714662245,0.618,0.004599528533775543,0.05,True
Table 6 | Pause Regularity | pearson_CI_high,0.9489357705154424,0.952,0.0030642294845575346,0.05,True
Table 6 | Pause Regularity | CCC,0.8468924940012577,0.847,0.00010750599874231881,0.0055,True
Table 6 | Pause Regularity | CCC_CI_low,0.5914111421635488,0.601,0.009588857836451137,0.05,True
Table 6 | Pause Regularity | CCC_CI_high,0.942118806815972,0.945,0.002881193184027908,0.05,True
Table 6 | Pause Regularity | ICC_A1,0.8471734898508366,0.847,0.00017348985083665003,0.0055,True
Table 6 | Pause Regularity | bias,-2.947233529503789,-2.947,0.0002335295037889651,0.0055,True
Table 6 | Pause Regularity | bias_CI_low,-7.850963134417578,-8.324,0.4730368655824222,0.6,True
Table 6 | Pause Regularity | bias_CI_high,2.7517283626789126,2.906,0.1542716373210875,0.6,True
Table 6 | Pause Duration | pearson_r,0.8932866206021903,0.893,0.0002866206021903128,0.0055,True
Table 6 | Pause Duration | pearson_CI_low,0.7909193455991766,0.768,0.022919345599176633,0.05,True
Table 6 | Pause Duration | pearson_CI_high,0.9560775622379092,0.957,0.0009224377620907775,0.05,True
Table 6 | Pause Duration | CCC,0.8883144282239155,0.888,0.000314428223915475,0.0055,True
Table 6 | Pause Duration | CCC_CI_low,0.7453212397439756,0.726,0.019321239743975593,0.05,True
Table 6 | Pause Duration | CCC_CI_high,0.9068721971489072,0.907,0.00012780285109281753,0.05,True
Table 6 | Pause Duration | ICC_A1,0.8885267413795556,0.889,0.00047325862044445,0.0055,True
Table 6 | Pause Duration | bias,4.20742123093475,4.207,0.00042123093474977225,0.0055,True
Table 6 | Pause Duration | bias_CI_low,-4.439014130169066,-5.008,0.568985869830934,0.6,True
Table 6 | Pause Duration | bias_CI_high,11.75528485272476,11.784,0.028715147275240938,0.6,True
WM Low correct,1349.0,1349.0,0.0,0.0,True
WM Low responses,1550.0,1550.0,0.0,0.0,True
WM High correct,1198.0,1198.0,0.0,0.0,True
WM High responses,1550.0,1550.0,0.0,0.0,True
