analysis,outcome,n_trials,n_participants,trajectory_change,CI_low,CI_high,p,unit,converged,q_BH_5_outcomes
WM-correct trials only,DDK Rate,2547,155,-0.17563388333812466,-0.27498279356401994,-0.07628497311222937,0.0005302624903076713,syllables/s,True,0.0015920804085723323
WM-correct trials only,DDK Regularity,2547,155,3.231223623947054,-3.2124462428380482,10.103883373628559,0.3335106884910838,% change,True,0.3335106884910838
WM-correct trials only,DDK Duration,2547,155,4.001137575235187,1.68584051695654,6.369151909004908,0.0006368321634289329,% change,True,0.0015920804085723323
WM-correct trials only,Pause Regularity,2547,155,13.206018290875047,1.2858924444008613,26.528998935452325,0.02888302851204616,% change,True,0.04813838085341027
WM-correct trials only,Pause Duration,2547,155,3.9988456227896445,-0.07109245507772793,8.234545504369603,0.054218954733847496,% change,True,0.06777369341730938
Trials 2-9 only,DDK Rate,2480,155,-0.16633220319482506,-0.28606035696371684,-0.046604049425933256,0.0064706197433383045,syllables/s,True,0.0261265893282585
Trials 2-9 only,DDK Regularity,2480,155,-0.08227884725172996,-7.478586395309879,7.905301177243039,0.9832634607644746,% change,True,0.9832634607644746
Trials 2-9 only,DDK Duration,2480,155,3.703723755929811,0.8566183978796246,6.6312007251702525,0.0104506357313034,% change,True,0.0261265893282585
Trials 2-9 only,Pause Regularity,2480,155,9.375509831843916,-4.5559768771119495,25.34050597985517,0.19733051078872532,% change,True,0.24666313848590665
Trials 2-9 only,Pause Duration,2480,155,4.022040495483221,-1.0060600700690412,9.305528363684532,0.11876451486455332,% change,True,0.19794085810758888
