analysis,metric,outcome_scale,term,estimate_model_scale,SE,z,p,reported_effect,CI_low,CI_high,unit,n_participants,n_observations,optimizer_success,q_BH_5_outcomes
Primary z-score,DDK Rate,raw,Intercept,4.632931119373937,0.07153001893208663,64.76904645827958,0.0,4.632931119373937,4.492732282267047,4.773129956480826,syllables/s,155,465,True,
Primary z-score,DDK Rate,raw,Dual vs Single,-0.484132235205831,0.07301130577467425,-6.630921472627107,3.3359768511586914e-11,-0.484132235205831,-0.6272343945241925,-0.3410300758874695,syllables/s,155,465,True,
Primary z-score,DDK Rate,raw,High vs Low,-0.10412934404612006,0.032641369906572425,-3.1901033671124615,0.0014222191470103932,-0.10412934404612006,-0.16810642906300202,-0.04015225902923811,syllables/s,155,465,True,
Primary z-score,DDK Rate,raw,Scale (+1 SD),0.14049646892263118,0.08582492598495015,1.6370124099759547,0.10162787656867872,0.14049646892263118,-0.027720386007871106,0.30871332385313344,syllables/s,155,465,True,
Primary z-score,DDK Rate,raw,Age (+1 SD),-0.16385007349642833,0.11628721686714011,-1.4090119095689555,0.15883164658129434,-0.16385007349642833,-0.3917730185560229,0.06407287156316627,syllables/s,155,465,True,
Primary z-score,DDK Rate,raw,Education (+1 SD),0.26137166358452596,0.10668859172253446,2.4498557846210636,0.014291344184621524,0.26137166358452596,0.05226202380835843,0.4704813033606935,syllables/s,155,465,True,
Primary z-score,DDK Rate,raw,Duality x scale,0.17955618613897362,0.07324797189218692,2.4513468632723496,0.014232273146791784,0.17955618613897362,0.035990161230287254,0.32312221104766,syllables/s,155,465,True,0.035245802930446796
Primary z-score,DDK Rate,raw,High-Low x scale,-0.03437788131823678,0.032747176893642586,-1.0497967940836688,0.2938115495410132,-0.03437788131823678,-0.09856234802977624,0.02980658539330268,syllables/s,155,465,True,0.5649248721271422
Primary z-score,DDK Regularity,log,Intercept,3.8228841055787277,0.02849582187221923,134.15595179957535,0.0,4473.592552433838,4225.151642916213,4736.304148997324,% change,155,465,True,
Primary z-score,DDK Regularity,log,Dual vs Single,0.1937239724687545,0.02933759154257093,6.603267762714852,4.021921450748132e-11,21.37612052040242,14.593659902052533,28.560014970945,% change,155,465,True,
Primary z-score,DDK Regularity,log,High vs Low,0.040321934837248365,0.015281079165802161,2.638683721205086,0.008322858922599565,4.114590138124826,1.042498509427006,7.280085504005913,% change,155,465,True,
Primary z-score,DDK Regularity,log,Scale (+1 SD),0.011540782669677695,0.03419056557758688,0.3375429003503552,0.7357076778530096,1.1607634428342248,-5.396217431559126,8.172208155986416,% change,155,465,True,
Primary z-score,DDK Regularity,log,Age (+1 SD),0.05779402406452976,0.04632600224820733,1.247550430854763,0.2121957409209978,5.949674240095069,-3.2466220370501224,16.02006780456619,% change,155,465,True,
Primary z-score,DDK Regularity,log,Education (+1 SD),-0.053368698898417534,0.04250214316886645,-1.2556707713862068,0.2092353606023032,-5.196958973064946,-12.774450532593395,3.0388073544107126,% change,155,465,True,
Primary z-score,DDK Regularity,log,Duality x scale,-0.0030092274189677886,0.02943268933343877,-0.10224099418427848,0.9185653895710426,-0.3004704232374829,-5.889192852252784,5.62013544547188,% change,155,465,True,0.9185653895710427
Primary z-score,DDK Regularity,log,High-Low x scale,-0.004990472143721854,0.015330612777606532,-0.32552333139686696,0.7447850274341083,-0.4978040426257195,-3.443173294635476,2.5374107472573586,% change,155,465,True,0.7447850274341083
Primary z-score,DDK Duration,log,Intercept,5.052946163194637,0.015870825327170414,318.3795460557513,0.0,15548.280992221282,15069.00577862865,16042.699237184359,% change,155,465,True,
Primary z-score,DDK Duration,log,Dual vs Single,0.04948903604760975,0.016036679401546374,3.0859902357864466,0.0020287548418004707,5.073407195333093,1.8221160385563924,8.428515622830544,% change,155,465,True,
Primary z-score,DDK Duration,log,High vs Low,0.0044290661286411175,0.006721406834199265,0.6589492702785876,0.5099283453440661,0.4438888938631303,-0.8706765919703359,1.7758869854799686,% change,155,465,True,
Primary z-score,DDK Duration,log,Scale (+1 SD),-0.02795281540023786,0.019042528288965195,-1.467915130599334,0.1421272776737208,-2.7565750360379058,-6.319129160535192,0.9414581011568786,% change,155,465,True,
Primary z-score,DDK Duration,log,Age (+1 SD),0.022733170821660473,0.0258013926772958,0.8810830913660238,0.37827284833814145,2.2993538601176575,-2.745366446074342,7.605750160940749,% change,155,465,True,
Primary z-score,DDK Duration,log,Education (+1 SD),-0.03579672174904742,0.0236716839854016,-1.5122169496316091,0.1304786804839648,-3.5163596193412867,-7.890603444943116,1.0656155535653598,% change,155,465,True,
Primary z-score,DDK Duration,log,Duality x scale,-0.025325311048466595,0.016088662291202788,-1.5741091826083247,0.11546221003250245,-2.5007315460128083,-5.527281769176902,0.6227779520072728,% change,155,465,True,0.14432776254062807
Primary z-score,DDK Duration,log,High-Low x scale,0.006448059652562179,0.00674319427167615,0.9562322235985928,0.3389549232762853,0.6468893143663252,-0.6745745734764151,1.9859344690334826,% change,155,465,True,0.5649248721271422
Primary z-score,Pause Regularity,log,Intercept,3.5688839651555875,0.04191786737644925,85.13992215073175,0.0,3447.697750644852,3167.874756646212,3751.4815490810292,% change,155,465,True,
Primary z-score,Pause Regularity,log,Dual vs Single,0.6362988707161401,0.0579659760153873,10.977109581441914,4.924280968967792e-28,88.94747317130098,68.6550903059295,111.6814117680048,% change,155,465,True,
Primary z-score,Pause Regularity,log,High vs Low,0.16754977547256442,0.031238974432569407,5.363485150071985,8.163136568998796e-08,18.240414344518737,11.217925745589227,25.706314792675716,% change,155,465,True,
Primary z-score,Pause Regularity,log,Scale (+1 SD),-0.015774677557993895,0.05029493796788187,-0.31364344395985805,0.7537918597498422,-1.5650908989666805,-10.805673793448287,8.632821635878464,% change,155,465,True,
Primary z-score,Pause Regularity,log,Age (+1 SD),0.22532878848259474,0.06814638395162767,3.3065406470068877,0.0009445564541817589,25.273453317407053,9.610378231645438,43.17474639949501,% change,155,465,True,
Primary z-score,Pause Regularity,log,Education (+1 SD),-0.18462390373692414,0.06252141835236172,-2.9529704955893736,0.003147320429537111,-16.85830821459364,-26.447142142085095,-6.019410880094587,% change,155,465,True,
Primary z-score,Pause Regularity,log,Duality x scale,-0.13406450835544836,0.05815387270269933,-2.3053410224427835,0.021147481758268076,-12.546635194373609,-21.9676029590914,-1.9882599298282555,% change,155,465,True,0.035245802930446796
Primary z-score,Pause Regularity,log,High-Low x scale,0.06271920472794879,0.031340235555289864,2.0012359070275885,0.045366973103325874,6.472782671285706,0.12931784746974534,13.218123257725845,% change,155,465,True,0.22683486551662937
Primary z-score,Pause Duration,log,Intercept,4.1984005642410045,0.026892190545602313,156.11969419603753,0.0,6557.975579127475,6216.130624973245,6918.322046252109,% change,155,465,True,
Primary z-score,Pause Duration,log,Dual vs Single,0.2563953728143091,0.031382528205565086,8.170003740133414,3.0837989570242967e-16,29.22635528276234,21.517198416884707,37.42458777214818,% change,155,465,True,
Primary z-score,Pause Duration,log,High vs Low,0.05171007973809099,0.01316640608000185,3.9274255574292396,8.585998370029207e-05,5.307039180802374,2.624234629379265,8.059977656119091,% change,155,465,True,
Primary z-score,Pause Duration,log,Scale (+1 SD),-0.037603046044322755,0.032266456763290104,-1.1653912395830257,0.24386066174778454,-3.690483054017995,-9.59271190325178,2.597072090496851,% change,155,465,True,
Primary z-score,Pause Duration,log,Age (+1 SD),0.12172076178552713,0.0437189594060924,2.784164203335656,0.005366585793930276,12.943867530375677,3.6688606732360283,23.048687232388204,% change,155,465,True,
Primary z-score,Pause Duration,log,Education (+1 SD),-0.09843129697044622,0.0401102918813484,-2.454015973297306,0.014127070607450292,-9.37420468575591,-16.22599831502215,-1.9620095596793266,% change,155,465,True,
Primary z-score,Pause Duration,log,Duality x scale,-0.07760418193694014,0.03148425465778145,-2.4648568873698897,0.013706798578880174,-7.466938336120084,-13.004458960473361,-1.5769383283555907,% change,155,465,True,0.035245802930446796
Primary z-score,Pause Duration,log,High-Low x scale,0.009488273814407198,0.013209084979872002,0.7183142381826921,0.4725635530136598,0.9533430190084804,-1.6267759965998854,3.6011330314978043,% change,155,465,True,0.5907044412670748
