metric,scale,contrast,estimate_model_scale,CI_low_model_scale,CI_high_model_scale,reported_effect,CI_low,CI_high,unit,t,df,p,cohens_dz,q_BH_within_contrast
DDK Rate,raw,Dual vs Single,-0.4841322352058327,-0.6306921351928914,-0.33757233521877406,-0.4841322352058327,-0.6306921351928914,-0.33757233521877406,syllables/s,-6.5256420708520695,154,9.246189689445664e-10,-0.5241521844807712,1.155773711180708e-09
DDK Rate,raw,High vs Low,-0.10412934404612033,-0.16863334272709368,-0.039625345365146974,-0.10412934404612033,-0.16863334272709368,-0.039625345365146974,syllables/s,-3.189046878973763,154,0.0017294875879565466,-0.25615040939679146,0.002882479313260911
DDK Regularity,log,Dual vs Single,0.19372397246875442,0.13595439983608498,0.25149354510142385,21.37612052040241,14.562965150385242,28.59445993951485,% change,6.624584132535559,154,5.502097252126871e-10,0.5320994021193354,9.170162086878117e-10
DDK Regularity,log,High vs Low,0.04032193483724885,0.010222094233038253,0.07042177544145944,4.114590138124877,1.027451831399174,7.2960634275912915,% change,2.6463761653523674,154,0.008980921459198456,0.21256204875578968,0.011226151823998071
DDK Duration,log,Dual vs Single,0.049489036047610256,0.01765709656557373,0.08132097552964679,5.073407195333147,1.7813904660751807,8.471900895440971,% change,3.0712863028893933,154,0.002520486748153228,0.24669165230742554,0.002520486748153228
DDK Duration,log,High vs Low,0.004429066128640942,-0.008845298163453887,0.017703430420735772,0.4438888938631128,-0.8806293600701911,1.7861064995343887,% change,0.6591326751120532,154,0.510794958845664,0.05294281049612123,0.510794958845664
Pause Regularity,log,Dual vs Single,0.6362988707161411,0.5201947647402143,0.7524029766920679,88.94747317130118,68.23552812816176,112.20932353017884,% change,10.826497564421727,154,1.1487828975665521e-20,0.8696052108059358,5.74391448783276e-20
Pause Regularity,log,High vs Low,0.16754977547256494,0.10523836806223359,0.2298611828828963,18.2404143445188,11.097539984902346,25.84253068306836,% change,5.311909879137441,154,3.735225395707451e-07,0.4266628688311329,1.8676126978537257e-06
Pause Duration,log,Dual vs Single,0.25639537281431035,0.1933861943237385,0.3194045513048822,29.226355282762494,21.33512924293237,37.63079994938469,% change,8.038606585816714,154,2.232715192829243e-13,0.6456764187170909,5.581787982073108e-13
Pause Duration,log,High vs Low,0.05171007973809047,0.02574090690919049,0.07767925256699044,5.30703918080232,2.607506507064146,8.077594695896435,% change,3.9336118129747266,154,0.00012624855172795296,0.31595530405805017,0.0003156213793198824
