metric,scale,term,estimate_model_scale,SE,z,p,reported_effect,CI_low,CI_high,unit,converged,random_effects,q_BH_within_term
DDK Rate,raw,Intercept,4.63293111937395,0.07309460243898108,63.38267074154336,0.0,4.63293111937395,4.489665698593547,4.776196540154353,syllables/s,True,intercept + duality + load,
DDK Rate,raw,Dual vs Single,-0.48413223520582377,0.06901817158784905,-7.014561876499455,2.30670626937517e-12,-0.48413223520582377,-0.6194078515180079,-0.3488566188936396,syllables/s,True,intercept + duality + load,3.844510448958617e-12
DDK Rate,raw,High vs Low,-0.10412934404612013,0.03275567208717531,-3.1789713784224096,0.0014779868450673205,-0.10412934404612013,-0.16833046133698373,-0.039928226755256535,syllables/s,True,intercept + duality + load,0.002463311408445534
DDK Rate,raw,Age (+1 SD),-0.4333695484646802,0.07317332578160231,-5.922507195561154,3.1706992795307958e-09,-0.4333695484646802,-0.5767892669966207,-0.28994982993273966,syllables/s,True,intercept + duality + load,
DDK Rate,raw,Duality x age,-0.3450234918031134,0.06909250458902454,-4.99364574862902,5.92500339350935e-07,-0.3450234918031134,-0.48044480079760155,-0.20960218280862533,syllables/s,True,intercept + duality + load,9.875005655848916e-07
DDK Rate,raw,Load x age,0.005580737806949957,0.03279095015026708,0.17019140285279297,0.8648596126174221,0.005580737806949957,-0.05868952448757353,0.06985100010147344,syllables/s,True,intercept + duality + load,0.8815015251199689
DDK Regularity,log,Intercept,3.8228841055787135,0.028466261350148576,134.29526478926817,0.0,4473.592552433773,4225.402243507384,4736.0239483105015,% change,True,intercept + duality + load,
DDK Regularity,log,Dual vs Single,0.1937239724687555,0.029283294813914687,6.615511461391384,3.702692948342605e-11,21.37612052040254,14.605855790274594,28.54633413795814,% change,True,intercept + duality + load,4.628366185428256e-11
DDK Regularity,log,High vs Low,0.04032193483724785,0.015215319721390185,2.6500879097901557,0.008047082923786064,4.114590138124773,1.0555225659199452,7.266259224563627,% change,True,intercept + duality + load,0.01005885365473258
DDK Regularity,log,Age (+1 SD),0.0907583670470753,0.028496919691129257,3.1848483285485507,0.0014482989365900195,9.500438414635576,3.5520712898378446,15.7904990566237,% change,True,intercept + duality + load,
DDK Regularity,log,Duality x age,0.02228158129907961,0.029314833105030545,0.7600787362236765,0.44720752211418446,2.2531669732896416,-3.4564024500987527,8.300399212522885,% change,True,intercept + duality + load,0.44720752211418446
DDK Regularity,log,Load x age,0.018230240500665833,0.015231706715607977,1.1968613131176724,0.23136061536311336,1.8397425732068442,-1.155660808418048,4.925919402173616,% change,True,intercept + duality + load,0.6014616625336846
DDK Duration,log,Intercept,5.0529461631946475,0.015999048035286303,315.8279262647532,0.0,15548.280992221447,15065.194036065077,16046.756673814067,% change,True,intercept + duality + load,
DDK Duration,log,Dual vs Single,0.04948903604761297,0.01583171847875259,3.1259421467120667,0.0017723641532643695,5.073407195333432,1.8630285833035696,8.384966097954697,% change,True,intercept + duality + load,0.0017723641532643695
DDK Duration,log,High vs Low,0.004429066128641096,0.006711501283400659,0.6599218180283096,0.5093040021667172,0.44388889386312813,-0.8687519894120813,1.7739110380729475,% change,True,intercept + duality + load,0.5093040021667172
DDK Duration,log,Age (+1 SD),0.06441227972670963,0.016016279109785272,4.021675651703425,5.778559252760484e-05,6.6532017661066725,3.3571595641438434,10.05435419210171,% change,True,intercept + duality + load,
DDK Duration,log,Duality x age,0.04049522839758236,0.01584876933827573,2.555102388914447,0.01061565664249387,4.132634089537711,0.9476258579362694,7.418132821526405,% change,True,intercept + duality + load,0.013269570803117338
DDK Duration,log,Load x age,-0.00788460844233835,0.006718729612133664,-1.173526678034367,0.24058466501347386,-0.7853606450224787,-2.083324450752796,0.5298087085017747,% change,True,intercept + duality + load,0.6014616625336846
Pause Regularity,log,Intercept,3.5688839651555977,0.04284280171484793,83.30183420097705,0.0,3447.6977506448884,3161.9558869727903,3758.4701222343015,% change,True,intercept + duality + load,
Pause Regularity,log,Dual vs Single,0.6362988707161459,0.05398717533778003,11.786111548437805,4.6030699141909936e-32,88.94747317130208,69.97548028708087,110.03704509334109,% change,True,intercept + duality + load,2.3015349570954968e-31
Pause Regularity,log,High vs Low,0.1675497754725639,0.03161102513084693,5.30035880769536,1.1557531615944951e-07,18.240414344518673,11.136853043482233,25.798015703157244,% change,True,intercept + duality + load,5.778765807972476e-07
Pause Regularity,log,Age (+1 SD),0.3697929982477836,0.042888943679448795,8.622105524715412,6.573408561694506e-18,44.743496207672,33.073399857977286,57.43702134896977,% change,True,intercept + duality + load,
Pause Regularity,log,Duality x age,0.2935728747501225,0.05404531986226561,5.4319758953835855,5.573345258622573e-08,34.1210916259242,20.640401677403045,49.108150908112776,% change,True,intercept + duality + load,1.3933363146556433e-07
Pause Regularity,log,Load x age,-0.018381412808804714,0.03164507040202907,-0.5808618080251168,0.5613335943300672,-1.821350500853455,-7.725813282867514,4.46092846122688,% change,True,intercept + duality + load,0.8815015251199689
Pause Duration,log,Intercept,4.198400564241024,0.027366213089824114,153.41547441951926,0.0,6557.975579127606,6210.26513307854,6924.845688319485,% change,True,intercept + duality + load,
Pause Duration,log,Dual vs Single,0.25639537281431307,0.028837937483988628,8.890905355373237,6.061299092098935e-19,29.22635528276285,22.12476686003636,36.7409030045937,% change,True,intercept + duality + load,1.5153247730247338e-18
Pause Duration,log,High vs Low,0.05171007973808981,0.013187617918485694,3.9211084259277333,8.814258882086695e-05,5.307039180802251,2.61996809463939,8.064470365064476,% change,True,intercept + duality + load,0.00022035647205216738
Pause Duration,log,Age (+1 SD),0.21471389810888478,0.027395686671968764,7.837507439759843,4.595777279174339e-15,23.950722087178818,17.470652710256257,30.788253503861228,% change,True,intercept + duality + load,
Pause Duration,log,Duality x age,0.17171387504393676,0.028868996122483042,5.9480376219319515,2.7137622939579947e-09,18.733805755752567,12.202001165811486,25.64585731774298,% change,True,intercept + duality + load,1.3568811469789973e-08
Pause Duration,log,Load x age,-0.0019679431448380055,0.013201821065217704,-0.14906603680782074,0.8815015251199689,-0.19660080143444275,-2.745945460200859,2.4195704613222597,% change,True,intercept + duality + load,0.8815015251199689
